item,label,quantity,category,material,notes,source,cad_names
CNC_BASE_300x320x6,Fondo portante piano alluminio 6 mm,1,custom,aluminium plate,Upper face smooth. Tapped holes shown at nominal major diameter; drawing must specify taps.,,base_aluminium
PRINT_OUTER_SHELL,Scocca superiore rimovibile,1,printed,PA12 proposed,"Non-load-bearing shell; 3 mm walls, captive M3 nuts. Validate printed fit.",,outer_shell
CNC_CELL_FIXED_SPACER,Distanziale fisso cella 25 x30 x6,1,custom,aluminium plate,,,cell_fixed_spacer
CNC_CELL_MOVING_SPACER,Distanziale mobile cella 25 x30 x22,1,custom,aluminium bar,,,cell_moving_spacer
ZEMIC_L6D_C3_30KG_0_4B,Zemic L6D-C3-30kg - involucro meccanico,1,loadcell,aluminium purchased,"Drawing envelope 130x30x22, holes M6 through 106x15. Internal strain geometry omitted. Platform axis acceptance and torque require supplier confirmation.",https://www.zemiceurope.com/media/Documentation/L6D_Datasheet.pdf,load_cell_l6d
CNC_CARRIER_276x196x8,Portapiatto piano alluminio 8 mm,1,custom,aluminium plate,Two M6 countersinks; six tapped M3. No plastic load-bearing ribs.,,plate_carrier_aluminium
PRINT_PAN_280x200x4,Piatto plastico liscio 280 x200 x4,1,printed,PA12 proposed,Supported over almost all its underside by the metal carrier; no food-contact certification.,,plastic_pan
WASHER_M6_ISO7089,Rondella M6 ISO7089,2,fastener,steel 200HV,,,cell_fixed_washer_1; cell_fixed_washer_2
SCREW_M6x25_ISO4762,Vite M6 x 25 testa cilindrica,2,fastener,steel,Simplified thread; nominal shank diameter.,,cell_fixed_screw_1; cell_fixed_screw_2
SCREW_M6x45_DIN7991,Vite svasata M6 x 45,2,fastener,steel,M6 head D12 x 3.3; nominal simplified threads.,,cell_moving_screw_1; cell_moving_screw_2
SCREW_M3x10_DIN7991,Vite svasata M3 x 10,10,fastener,steel,M6 head D12 x 3.3; nominal simplified threads.,,pan_screw_1; pan_screw_2; pan_screw_3; pan_screw_4; pan_screw_5; pan_screw_6; display_bezel_screw_1; display_bezel_screw_2; display_bezel_screw_3; display_bezel_screw_4
SCREW_M3x16_ISO4762,Vite M3 x 16 testa cilindrica,12,fastener,steel,Simplified thread; nominal shank diameter.,,shell_screw_1; shell_screw_2; shell_screw_3; shell_screw_4; shell_screw_5; shell_screw_6; shell_screw_7; shell_screw_8; cable_clamp_screw_1_1; cable_clamp_screw_1_2; cable_clamp_screw_2_1; cable_clamp_screw_2_2
NUT_M3_DIN934,Dado M3,16,fastener,steel,Nominal thread; no helical geometry.,,shell_nut_1; shell_nut_2; shell_nut_3; shell_nut_4; shell_nut_5; shell_nut_6; shell_nut_7; shell_nut_8; display_bar_nut_1_1; display_bar_nut_1_2; display_bar_nut_2_1; display_bar_nut_2_2; display_bezel_nut_1; display_bezel_nut_2; display_bezel_nut_3; display_bezel_nut_4
INCLUDED_FOOT_SBR,Pattino antiscivolo piede Elesa,4,feet,SBR supplied,,,foot_pad_1; foot_pad_2; foot_pad_3; foot_pad_4
ELESA_531051,Piede Elesa LX.30-SW17-AS-M6x22,4,feet,purchased foot simplified,"Envelope D30, overall36 incl SBR. Profile simplified; stud measured nominal23 in EN drawing.",https://www.elesa.com/siteassets/PDF/PDF_EN/LX.pdf,adjustable_foot_1; adjustable_foot_2; adjustable_foot_3; adjustable_foot_4
NUT_M6_DIN934,Dado M6,8,fastener,steel,Nominal thread; no helical geometry.,,foot_locknut_1; foot_locknut_2; foot_locknut_3; foot_locknut_4; overload_locknut_1; overload_locknut_2; overload_locknut_3; overload_locknut_4
SETSCREW_M6x60_DIN913_FLAT_END,Grano M6 x60 arresto regolabile,4,fastener,steel,"Tip Z67.5; carrier Z69 => provisional1.5mm gap. Full6mm base engagement, locknut. Never preload the measuring plate.",https://www.rwproducts.nl/din-913-stelschroef-binnenzeskant-met-afschuining-elvz-m6x60,overload_stop_1; overload_stop_2; overload_stop_3; overload_stop_4
PRINT_POWER_TRAY,Vassoio potenza rimovibile,1,printed,PA12 proposed,Generic edge-guided tray; no invented UPS PCB mounting pattern.,,power_tray
PRINT_POWER_RETAINING_STRAP,Staffa rimovibile ritegno verticale UPS,2,printed,PA12 proposed,Clamps official lower acrylic sheet at Z22.5. Bridge top24.5 leaves nominal0.9mm below battery envelope. Verify printed fit; no PCB/pogo contact.,,power_retaining_strap_1; power_retaining_strap_2
SCREW_M3x10_ISO4762,Vite M3 x 10 testa cilindrica,8,fastener,steel,Simplified thread; nominal shank diameter.,,power_tray_screw_1; power_tray_screw_2; power_tray_screw_3; power_tray_screw_4; display_bar_screw_1_1; display_bar_screw_1_2; display_bar_screw_2_1; display_bar_screw_2_2
PRINT_ELECTRONICS_TRAY,Piastra elettronica universale rimovibile - faccia piana,1,printed,PA12 proposed,Flat 145x62 area for existing boards; no assumed module holes. Use removable insulating mounts after measuring boards.,,electronics_tray
SCREW_M3x8_ISO4762,Vite M3 x 8 testa cilindrica,4,fastener,steel,Simplified thread; nominal shank diameter.,,electronics_tray_screw_1; electronics_tray_screw_2; electronics_tray_screw_3; electronics_tray_screw_4
INCLUDED_UPS_VENDOR_GEOMETRY,PCB UPS HAT(D) 001,297,electronics_detail,vendor STEP geometry,"One of 297 named solids from the official supplied assembly. Included in one CN kit SKU25507, not a separate purchase.",https://www.waveshare.net/shop/UPS-HAT-D.htm,ups_vendor_001; ups_vendor_002; ups_vendor_003; ups_vendor_004; ups_vendor_005; ups_vendor_006; ups_vendor_007; ups_vendor_008; ups_vendor_009; ups_vendor_010; ups_vendor_011; ups_vendor_012; ups_vendor_013; ups_vendor_014; ups_vendor_015; ups_vendor_016; ups_vendor_017; ups_vendor_018; ups_vendor_019; ups_vendor_020; ups_vendor_021; ups_vendor_022; ups_vendor_023; ups_vendor_024; ups_vendor_025; ups_vendor_026; ups_vendor_027; ups_vendor_028; ups_vendor_029; ups_vendor_030; ups_vendor_031; ups_vendor_032; ups_vendor_033; ups_vendor_034; ups_vendor_035; ups_vendor_036; ups_vendor_037; ups_vendor_038; ups_vendor_039; ups_vendor_040; ups_vendor_041; ups_vendor_042; ups_vendor_043; ups_vendor_044; ups_vendor_045; ups_vendor_046; ups_vendor_047; ups_vendor_048; ups_vendor_049; ups_vendor_050; ups_vendor_051; ups_vendor_052; ups_vendor_053; ups_vendor_054; ups_vendor_055; ups_vendor_056; ups_vendor_057; ups_vendor_058; ups_vendor_059; ups_vendor_060; ups_vendor_061; ups_vendor_062; ups_vendor_063; ups_vendor_064; ups_vendor_065; ups_vendor_066; ups_vendor_067; ups_vendor_068; ups_vendor_069; ups_vendor_070; ups_vendor_071; ups_vendor_072; ups_vendor_073; ups_vendor_074; ups_vendor_075; ups_vendor_076; ups_vendor_077; ups_vendor_078; ups_vendor_079; ups_vendor_080; ups_vendor_081; ups_vendor_082; ups_vendor_083; ups_vendor_084; ups_vendor_085; ups_vendor_086; ups_vendor_087; ups_vendor_088; ups_vendor_089; ups_vendor_090; ups_vendor_091; ups_vendor_092; ups_vendor_093; ups_vendor_094; ups_vendor_095; ups_vendor_096; ups_vendor_097; ups_vendor_098; ups_vendor_099; ups_vendor_100; ups_vendor_101; ups_vendor_102; ups_vendor_103; ups_vendor_104; ups_vendor_105; ups_vendor_106; ups_vendor_107; ups_vendor_108; ups_vendor_109; ups_vendor_110; ups_vendor_111; ups_vendor_112; ups_vendor_113; ups_vendor_114; ups_vendor_115; ups_vendor_116; ups_vendor_117; ups_vendor_118; ups_vendor_119; ups_vendor_120; ups_vendor_121; ups_vendor_122; ups_vendor_123; ups_vendor_124; ups_vendor_125; ups_vendor_126; ups_vendor_127; ups_vendor_128; ups_vendor_129; ups_vendor_130; ups_vendor_131; ups_vendor_132; ups_vendor_133; ups_vendor_134; ups_vendor_135; ups_vendor_136; ups_vendor_137; ups_vendor_138; ups_vendor_139; ups_vendor_140; ups_vendor_141; ups_vendor_142; ups_vendor_143; ups_vendor_144; ups_vendor_145; ups_vendor_146; ups_vendor_147; ups_vendor_148; ups_vendor_149; ups_vendor_150; ups_vendor_151; ups_vendor_152; ups_vendor_153; ups_vendor_154; ups_vendor_155; ups_vendor_156; ups_vendor_157; ups_vendor_158; ups_vendor_159; ups_vendor_160; ups_vendor_161; ups_vendor_162; ups_vendor_163; ups_vendor_164; ups_vendor_165; ups_vendor_166; ups_vendor_167; ups_vendor_168; ups_vendor_169; ups_vendor_170; ups_vendor_171; ups_vendor_172; ups_vendor_173; ups_vendor_174; ups_vendor_175; ups_vendor_176; ups_vendor_177; ups_vendor_178; ups_vendor_179; ups_vendor_180; ups_vendor_181; ups_vendor_182; ups_vendor_183; ups_vendor_184; ups_vendor_185; ups_vendor_186; ups_vendor_187; ups_vendor_188; ups_vendor_189; ups_vendor_190; ups_vendor_191; ups_vendor_192; ups_vendor_193; ups_vendor_194; ups_vendor_195; ups_vendor_196; ups_vendor_197; ups_vendor_198; ups_vendor_199; ups_vendor_200; ups_vendor_201; ups_vendor_202; ups_vendor_203; ups_vendor_204; ups_vendor_205; ups_vendor_206; ups_vendor_207; ups_vendor_208; ups_vendor_209; ups_vendor_210; ups_vendor_211; ups_vendor_212; ups_vendor_213; ups_vendor_214; ups_vendor_215; ups_vendor_216; ups_vendor_217; ups_vendor_218; ups_vendor_219; ups_vendor_220; ups_vendor_221; ups_vendor_222; ups_vendor_223; ups_vendor_224; ups_vendor_225; ups_vendor_226; ups_vendor_227; ups_vendor_228; ups_vendor_229; ups_vendor_230; ups_vendor_231; ups_vendor_232; ups_vendor_233; ups_vendor_234; ups_vendor_235; ups_vendor_236; ups_vendor_237; ups_vendor_238; ups_vendor_239; ups_vendor_240; ups_vendor_241; ups_vendor_242; ups_vendor_243; ups_vendor_244; ups_vendor_245; ups_vendor_246; ups_vendor_247; ups_vendor_248; ups_vendor_249; ups_vendor_250; ups_vendor_251; ups_vendor_252; ups_vendor_253; ups_vendor_254; ups_vendor_255; ups_vendor_256; ups_vendor_257; ups_vendor_258; ups_vendor_259; ups_vendor_260; ups_vendor_261; ups_vendor_262; ups_vendor_263; ups_vendor_264; ups_vendor_265; ups_vendor_266; ups_vendor_267; ups_vendor_268; ups_vendor_269; ups_vendor_270; ups_vendor_271; ups_vendor_272; ups_vendor_273; ups_vendor_274; ups_vendor_275; ups_vendor_276; ups_vendor_277; ups_vendor_278; ups_vendor_279; ups_vendor_280; ups_vendor_281; ups_vendor_282; ups_vendor_283; ups_vendor_284; ups_vendor_285; ups_vendor_286; ups_vendor_287; ups_vendor_288; ups_vendor_289; ups_vendor_290; ups_vendor_291; ups_vendor_292; ups_vendor_293; ups_vendor_294; ups_vendor_295; ups_vendor_296; ups_vendor_297
PRINT_DISPLAY_BEZEL,Cornice OLED sostituibile con sede universale,1,printed,PA12 proposed,Pocket 101.5 x 34.5 x 11.3; owned SSD1322 module must be measured.,,display_bezel
CUT_DISPLAY_WINDOW,Vetrino piano OLED 82 x 24 x 1.5,1,custom,clear acrylic,Fit with thin perimeter adhesive; no food-contact claim.,,display_window
REUSE_OLED_SSD1322,OLED SSD1322 - inviluppo da confermare,1,electronics,reference envelope,Unverified owned module envelope; no invented board hole pattern.,,oled_reference
PRINT_DISPLAY_REAR_BAR,Traversino fermo OLED,2,printed,PA12 proposed,,,display_rear_bar_1; display_rear_bar_2
KEYPAD_1x4_BERRYBASE_B_SM4T,Tastiera adesiva 1x4 - striscia 1,2,controls,membrane purchased,70x20x1 mm blank membrane; final function overlay is a custom print. Tail exit must be checked on purchased sample.,https://www.berrybase.de/en/membrane-keypad-4-keys-without-labelling-with-adhesive-layer,keypad_strip_1; keypad_strip_2
USB_C_PANEL_6069,USB-C pannello PCM-0726 / Adafruit 6069,1,controls,purchased connector,M12x1 x15; flange D18x6; rear D11x10. Internal flange; external nut.,https://www.adafruit.com/product/6069,usb_c_panel_body
INCLUDED_USB_NUT,Dado plastico USB-C - ingombro provvisorio,1,fastener,ABS supplied,Outer D20 x4 assumed; maker does not dimension nut.,,usb_c_panel_nut
INCLUDED_USB_ORING,O-ring USB-C incluso,1,fastener,elastomer supplied,Ring simplified as rectangular section; actual 11 ID x1.5 circular cross-section.,,usb_c_panel_seal
INCLUDED_USB_CAP,Tappo USB-C parcheggiato - ingombro,1,controls,elastomer supplied,D18x4 assumed. Parked display position only; flexible tether is not dimensioned.,,usb_c_protective_cap_parked
INCLUDED_USB_C_PLUG_BODY,Spina USB-C interna - inviluppo,1,controls,purchased connector envelope,Plug envelope assumed; board socket mouth comes from official STEP.,,usb_c_internal_plug_body
INCLUDED_USB_C_PLUG_METAL,Innesto USB-C nella UPS,1,controls,metal connector envelope,"Nominal envelope, electrical contact details omitted.",,usb_c_internal_plug_metal
USB_A_OUTPUT_HARNESS_2697,Spina USB-A uscita 5 V - inviluppo,1,controls,purchased connector envelope,"Adafruit2697 22AWG harness cut to200mm; custom terminal end, no barrel connector remains.",https://www.adafruit.com/product/2697,usb_a_output_plug_body
INCLUDED_USB_A_PLUG_METAL,Innesto USB-A nella UPS,1,controls,metal connector envelope,"Nominal envelope, electrical contact details omitted.",,usb_a_output_plug_metal
INCLUDED_USB_C_CABLE_300MM,Cavo USB-C pannello 300 mm - percorso,1,cable,routed cable envelope,Illustrative routed centreline 303.7 mm; supplied/cut cable nominal 300 mm. Connector bodies and service slack require sample fitting.,,usb_c_passive_cable
CUSTOM_USB_A_5V_HARNESS_200MM,Cablaggio uscita 5 V 200 mm - percorso,1,cable,routed cable envelope,Illustrative routed centreline 188.9 mm; supplied/cut cable nominal 200 mm. Connector bodies and service slack require sample fitting.,,usb_a_5v_output_cable
PRINT_CABLE_CLAMP_LOWER,Fermacavo apribile - base,2,printed,PA12 proposed,D5.4 cable channel; removable split clamp.,,cable_clamp_lower_1; cable_clamp_lower_2
PRINT_CABLE_CLAMP_UPPER,Fermacavo apribile - coperchio,2,printed,PA12 proposed,,,cable_clamp_upper_1; cable_clamp_upper_2
CUSTOM_5V_TERMINATION,Terminazione 5 V sul vano elettronica - riferimento,1,electronics,terminal envelope,Interface location only. Actual existing5V rail connector and polarity must be verified before wiring.,,5v_terminal_reference
INCLUDED_L6D_4WIRE_CABLE_400MM,Cavo cella verso HX711 - percorso,1,cable,routed cable envelope,Illustrative routed centreline 386.1 mm; supplied/cut cable nominal 400 mm. Connector bodies and service slack require sample fitting.,,load_cell_4wire_cable
INCLUDED_L6D_WIRE_END,Conduttore cella verso HX711,4,cable,wire end envelope,Four free ends for E+/E-/A+/A-. Actual module solder/terminal location is not assumed.,,load_cell_wire_end_1; load_cell_wire_end_2; load_cell_wire_end_3; load_cell_wire_end_4
PRINT_KEYPAD_CABLE_HOOD,Ponte copricoda tastiera adesivo,2,printed,PA12 proposed,24x11x2.4 cover; adhesive feet outside 70x20 membrane. No claim of liquid sealing; fit bend on sample.,,keypad_cable_hood_1; keypad_cable_hood_2
CUT_3M468MP_KEYPAD_HOOD_PAD,Adesivo copricoda 0.13 mm,6,custom,3M468MP proposed,"Manufacturer tape thickness0.13; adhesion to finished PA12 must be tested. Cut piece, not a full roll.",https://www.3m.com/3M/en_US/p/dc/v100808810/,keypad_hood_adhesive_1_1; keypad_hood_adhesive_1_2; keypad_hood_adhesive_1_3; keypad_hood_adhesive_2_1; keypad_hood_adhesive_2_2; keypad_hood_adhesive_2_3
INCLUDED_KEYPAD_TAIL,Coda tastiera curva - inviluppo 88 mm con connettore,2,cable,flex envelope,76mm routed flex +12mm provisional connector =88mm. Width14.28 and thickness0.3 assumed; BerryBase only publishes total length. Bend radii2/4mm require sample validation.,,keypad_tail_1; keypad_tail_2
INCLUDED_KEYPAD_5P_FEMALE,Connettore femmina 5 pin incluso nella membrana,2,controls,purchased connector envelope,"Pitch2.54 documented; 14.28x12x4 body and cavity details are provisional, measure selected BerryBase sample.",,keypad_female_connector_1; keypad_female_connector_2
HEADER_1x5_2p54,Pettine maschio 1x5 adattatore tastiera,2,controls,header body envelope,"Nominal1x5 cut header; assembled adapter, verify pin assignment by continuity.",,keypad_adapter_header_body_1; keypad_adapter_header_body_2
INCLUDED_HEADER_CONTACT,Contatto pettine tastiera,10,fastener,header contact,"Nominal square0.64mm contact, included with1x5 header.",,keypad_adapter_header_pin_1_1; keypad_adapter_header_pin_1_2; keypad_adapter_header_pin_1_3; keypad_adapter_header_pin_1_4; keypad_adapter_header_pin_1_5; keypad_adapter_header_pin_2_1; keypad_adapter_header_pin_2_2; keypad_adapter_header_pin_2_3; keypad_adapter_header_pin_2_4; keypad_adapter_header_pin_2_5
CUSTOM_KEYPAD_MATRIX_BRANCH,Cablaggio su misura matrice tastiera - ramo,2,cable,routed cable envelope,Illustrative routed centreline 152.3 mm; supplied/cut cable nominal 200 mm. Connector bodies and service slack require sample fitting.,,keypad_adapter_branch_1; keypad_adapter_branch_2
HOUSING_1x6_2p54,Terminazione adattatore tastiera 6 fili,1,controls,connector envelope,Generic6-way termination positioned above electronics tray. Pitch2.54; body depth/height provisional. Not a verified mating socket on owned ESP32; wire lengths and pin order require assembly.,https://www.berrybase.de/en/dupont-housing-1x6-pin,keypad_matrix_6p_termination
CRIMP_CONTACT_2p54,Contatto terminazione tastiera 6 fili,6,fastener,connector contact envelope,Generic compatible crimp contact envelope; order contact and housing from one matched family.,,keypad_matrix_terminal_contact_1; keypad_matrix_terminal_contact_2; keypad_matrix_terminal_contact_3; keypad_matrix_terminal_contact_4; keypad_matrix_terminal_contact_5; keypad_matrix_terminal_contact_6
