id,quantity,order_quantity,order_unit,description,action,sku,url,notes,cad_parts
CNC_BASE_300x320x6,1,1,pezzo,Fondo portante piano alluminio 6 mm,Lavorare su file,"6061-T6, pezzo a disegno",https://jlccnc.com/,Faccia superiore piana. Fori filettati rappresentati al diametro nominale; usare le specifiche di maschiatura nelle note CNC.,base_aluminium
PRINT_OUTER_SHELL,1,1,pezzo,Scocca superiore rimovibile,Stampare su file,"PA12 MJF/SLS, pezzo a disegno",https://jlc3dp.com/,"Guscio rimovibile, pareti da 3 mm e sedi per dadi M3. Giochi delle sedi da verificare con lo stampatore.",outer_shell
CNC_CELL_FIXED_SPACER,1,1,pezzo,Distanziale fisso cella 25 x30 x6,Lavorare su file,"6061-T6, pezzo a disegno",https://jlccnc.com/,Distanziale fisso da 6 mm; superfici di serraggio piane e sbavate secondo le note CNC.,cell_fixed_spacer
CNC_CELL_MOVING_SPACER,1,1,pezzo,Distanziale mobile cella 25 x30 x22,Lavorare su file,"6061-T6, pezzo a disegno",https://jlccnc.com/,Distanziale mobile da 22 mm; mantiene il portapiatto separato dal guscio.,cell_moving_spacer
ZEMIC_L6D_C3_30KG_0_4B,1,1,pezzo,Zemic L6D-C3-30kg - involucro meccanico,Acquistare,Essmann 11250496,https://www.essmann-shop.com/en/single-point-load-cell-zemic-l6d-c3-30kg-0.4b/11250496,"Cella 30 kg; carico utile di progetto 20 kg, accuratezza 1 g non provata.",load_cell_l6d
CNC_CARRIER_276x196x8,1,1,pezzo,Portapiatto piano alluminio 8 mm,Lavorare su file,"6061-T6, pezzo a disegno",https://jlccnc.com/,Due svasature M6 e sei filetti M3. Sostiene quasi tutta la superficie inferiore del piatto plastico.,plate_carrier_aluminium
PRINT_PAN_280x200x4,1,1,pezzo,Piatto plastico liscio 280 x200 x4,Stampare su file,"PA12 MJF/SLS, pezzo a disegno",https://jlc3dp.com/,"Piatto da stampare, sostenuto dal portapiatto metallico; sei viti M3 svasate.",plastic_pan
WASHER_M6_ISO7089,2,2,pezzi,Rondella M6 ISO7089,Acquistare,ISO7089 M6 200HV,https://www.westfieldfasteners.co.uk/BZP-Washer-M6.html,"6,4 x12 x1,6 mm.",cell_fixed_washer_1; cell_fixed_washer_2
SCREW_M6x25_ISO4762,2,2,pezzi,Vite M6 x 25 testa cilindrica,Acquistare,"Keller 240912625, 8.8",https://www.keller-kalmbach.com/products/fasteners/screws/hexagon-socket-cap-screws/iso-4762--din-912-cap-screw/p/240912625,Lato fisso della cella; rondella ISO7089.,cell_fixed_screw_1; cell_fixed_screw_2
SCREW_M6x45_DIN7991,2,2,pezzi,Vite svasata M6 x 45,Acquistare,Accu SSK-M6-45-10.9-Z,https://www.accu.co.uk/countersunk-socket-head-screws/495060-SSK-M6-45-10-9-Z,"Lato mobile; testa D12, cono90. Coppia e giunto da confermare con Zemic.",cell_moving_screw_1; cell_moving_screw_2
SCREW_M3x10_DIN7991,10,10,pezzi,Vite svasata M3 x 10,Acquistare,Orbital 5500020 A4,https://www.orbitalfasteners.co.uk/products/m3x10-csk-skt-screw-stst-a4-din-7991,Testa D6; svasatura90; lunghezza totale10.,pan_screw_1; pan_screw_2; pan_screw_3; pan_screw_4; pan_screw_5; pan_screw_6; display_bezel_screw_1; display_bezel_screw_2; display_bezel_screw_3; display_bezel_screw_4
SCREW_M3x16_ISO4762,12,12,pezzi,Vite M3 x 16 testa cilindrica,Acquistare,Westfield WF14263 A4,https://www.westfieldfasteners.co.uk/Bolts-Screws-Metric/A4-Socket-Head-Cap-Screw-M3x16mm.html,"Testa D5,5 x3.",shell_screw_1; shell_screw_2; shell_screw_3; shell_screw_4; shell_screw_5; shell_screw_6; shell_screw_7; shell_screw_8; cable_clamp_screw_1_1; cable_clamp_screw_1_2; cable_clamp_screw_2_1; cable_clamp_screw_2_2
NUT_M3_DIN934,16,16,pezzi,Dado M3,Acquistare,Westfield WF15111,https://www.westfieldfasteners.co.uk/Metric-Nuts/Hex-Nut-M3-Bright-Zinc-Plate-Class-8.html,"Chiave5,5, altezza2,4; sedi captive stampate.",shell_nut_1; shell_nut_2; shell_nut_3; shell_nut_4; shell_nut_5; shell_nut_6; shell_nut_7; shell_nut_8; display_bar_nut_1_1; display_bar_nut_1_2; display_bar_nut_2_1; display_bar_nut_2_2; display_bezel_nut_1; display_bezel_nut_2; display_bezel_nut_3; display_bezel_nut_4
INCLUDED_FOOT_SBR,4,0,pezzi,Pattino antiscivolo piede Elesa,Incluso nel componente,INCLUDED_FOOT_SBR,,Non acquistare separatamente. ,foot_pad_1; foot_pad_2; foot_pad_3; foot_pad_4
ELESA_531051,4,4,pezzi,Piede Elesa LX.30-SW17-AS-M6x22,Acquistare,Elesa 531051,https://www.elesa-ganter.nl/p/lx-30-sw17-as-m6x22/127394/,4 piedi completi di pattino; filetto M6 nel basamento.,adjustable_foot_1; adjustable_foot_2; adjustable_foot_3; adjustable_foot_4
NUT_M6_DIN934,8,8,pezzi,Dado M6,Acquistare,M6 DIN934 zincato,https://www.essentracomponents.com/en-gb/p/standard-hex-nuts-metal/051060040952,"Chiave10, altezza5. Acquistabile a standard anche in ferramenta.",foot_locknut_1; foot_locknut_2; foot_locknut_3; foot_locknut_4; overload_locknut_1; overload_locknut_2; overload_locknut_3; overload_locknut_4
SETSCREW_M6x60_DIN913_FLAT_END,4,4,pezzi,Grano M6 x60 arresto regolabile,Acquistare,"RW D913V060060, DIN913 45H",https://www.rwproducts.nl/din-913-stelschroef-binnenzeskant-met-afschuining-elvz-m6x60,4 fermi regolabili; gioco di progetto da tarare sul prototipo.,overload_stop_1; overload_stop_2; overload_stop_3; overload_stop_4
PRINT_POWER_TRAY,1,1,pezzo,Vassoio potenza rimovibile,Stampare su file,"PA12 MJF/SLS, pezzo a disegno",https://jlc3dp.com/,"Vassoio isolante rimovibile del gruppo UPS, con quattro fissaggi al fondo.",power_tray
PRINT_POWER_RETAINING_STRAP,2,2,pezzi,Staffa rimovibile ritegno verticale UPS,Stampare su file,"PA12 MJF/SLS, pezzo a disegno",https://jlc3dp.com/,"Due staffe trattengono il bordo della lastra acrilica inferiore del kit UPS; stampare entrambi i file, le sagome differiscono.",power_retaining_strap_1; power_retaining_strap_2
SCREW_M3x10_ISO4762,8,8,pezzi,Vite M3 x 10 testa cilindrica,Acquistare,Westfield WF14261 A4,https://www.westfieldfasteners.co.uk/A4-ScrewBolt-SHCap-M3.html,"Selezionare M3 x10, testa D5,5 x3.",power_tray_screw_1; power_tray_screw_2; power_tray_screw_3; power_tray_screw_4; display_bar_screw_1_1; display_bar_screw_1_2; display_bar_screw_2_1; display_bar_screw_2_2
PRINT_ELECTRONICS_TRAY,1,1,pezzo,Piastra elettronica universale rimovibile - faccia piana,Stampare su file,"PA12 MJF/SLS, pezzo a disegno",https://jlc3dp.com/,Superficie piana isolante per le schede possedute. I loro singoli attacchi richiedono le misure dei PCB.,electronics_tray
SCREW_M3x8_ISO4762,4,4,pezzi,Vite M3 x 8 testa cilindrica,Acquistare,Westfield WF14272 A4,https://www.westfieldfasteners.co.uk/A4-ScrewBolt-SHCap-M3.html,"Selezionare M3 x8, testa D5,5 x3.",electronics_tray_screw_1; electronics_tray_screw_2; electronics_tray_screw_3; electronics_tray_screw_4
PRINT_DISPLAY_BEZEL,1,1,pezzo,Cornice OLED sostituibile con sede universale,Stampare su file,"PA12 MJF/SLS, pezzo a disegno",https://jlc3dp.com/,Cornice sostituibile; sede del modulo e superficie sicura di serraggio da adattare al display posseduto.,display_bezel
CUT_DISPLAY_WINDOW,1,1,pezzo,Vetrino piano OLED 82 x 24 x 1.5,Tagliare su file,"PMMA trasparente 1,5 mm",https://jlccnc.com/,"Richiedere taglio/fresatura82x24x1,5; tolleranza e disponibilita lastra da preventivo.",display_window
REUSE_OLED_SSD1322,1,0,pezzi,OLED SSD1322 - inviluppo da confermare,Riutilizzare,"Posseduto: SSD1322 SPI256x64 3,12pollici",,Non acquistare. Ingombro e serraggio carrier da adattare al modulo reale.,oled_reference
PRINT_DISPLAY_REAR_BAR,2,2,pezzi,Traversino fermo OLED,Stampare su file,"PA12 MJF/SLS, pezzo a disegno",https://jlc3dp.com/,Due traversini rimovibili. Verificare che il modulo reale abbia bordi liberi sui quali serrare.,display_rear_bar_1; display_rear_bar_2
KEYPAD_1x4_BERRYBASE_B_SM4T,2,2,pezzi,Tastiera adesiva 1x4 - striscia 1,Acquistare,BerryBase B-SM4T,https://www.berrybase.de/en/membrane-keypad-4-keys-without-labelling-with-adhesive-layer,"2 membrane adesive70x20x1, totale8tasti. Pinout/coda da campione. Origine Cina.",keypad_strip_1; keypad_strip_2
USB_C_PANEL_6069,1,1,pezzo,USB-C pannello PCM-0726 / Adafruit 6069,Acquistare,Premier PCM-0726 / Adafruit6069,https://www.adafruit.com/product/6069,"Prolunga USB-C300mm, include dado, O-ring e tappo. Alternativa diretta Cina in research-controls.md.",usb_c_panel_body
INCLUDED_USB_NUT,1,0,pezzi,Dado plastico USB-C - ingombro provvisorio,Incluso nel componente,INCLUDED_USB_NUT,,Non acquistare separatamente. Outer D20 x4 assumed; maker does not dimension nut.,usb_c_panel_nut
INCLUDED_USB_ORING,1,0,pezzi,O-ring USB-C incluso,Incluso nel componente,INCLUDED_USB_ORING,,Non acquistare separatamente. Ring simplified as rectangular section; actual 11 ID x1.5 circular cross-section.,usb_c_panel_seal
INCLUDED_USB_CAP,1,0,pezzi,Tappo USB-C parcheggiato - ingombro,Incluso nel componente,INCLUDED_USB_CAP,,Non acquistare separatamente. D18x4 assumed. Parked display position only; flexible tether is not dimensioned.,usb_c_protective_cap_parked
INCLUDED_USB_C_PLUG_BODY,1,0,pezzi,Spina USB-C interna - inviluppo,Incluso nel componente,INCLUDED_USB_C_PLUG_BODY,,Non acquistare separatamente. Plug envelope assumed; board socket mouth comes from official STEP.,usb_c_internal_plug_body
INCLUDED_USB_C_PLUG_METAL,1,0,pezzi,Innesto USB-C nella UPS,Incluso nel componente,INCLUDED_USB_C_PLUG_METAL,,"Non acquistare separatamente. Nominal envelope, electrical contact details omitted.",usb_c_internal_plug_metal
USB_A_OUTPUT_HARNESS_2697,1,1,pezzo,Spina USB-A uscita 5 V - inviluppo,Acquistare,"Adafruit 2697, 22 AWG",https://www.adafruit.com/product/2697,"Un cavo da 1 m: conservare USB-A, accorciare a circa 200 mm ed eliminare il jack. Terminare sulla distribuzione 5 V posseduta dopo verifica elettrica.",usb_a_output_plug_body
INCLUDED_USB_A_PLUG_METAL,1,0,pezzi,Innesto USB-A nella UPS,Incluso nel componente,INCLUDED_USB_A_PLUG_METAL,,"Non acquistare separatamente. Nominal envelope, electrical contact details omitted.",usb_a_output_plug_metal
INCLUDED_USB_C_CABLE_300MM,1,0,pezzi,Cavo USB-C pannello 300 mm - percorso,Incluso nel componente,INCLUDED_USB_C_CABLE_300MM,,Non acquistare separatamente. Illustrative routed centreline 303.7 mm; supplied/cut cable nominal 300 mm. Connector bodies and service slack require sample fitting.,usb_c_passive_cable
CUSTOM_USB_A_5V_HARNESS_200MM,1,0,pezzi,Cablaggio uscita 5 V 200 mm - percorso,Incluso nel cablaggio,Adafruit2697 22AWG da accorciare,https://www.adafruit.com/product/2697,Ricavato dal cavo Adafruit 2697 già elencato; non acquistare un secondo cavo. Percorso CAD indicativo; lunghezza e terminali secondo montaggio. Illustrative routed centreline 188.9 mm; supplied/cut cable nominal 200 mm. Connector bodies and service slack require sample fitting.,usb_a_5v_output_cable
PRINT_CABLE_CLAMP_LOWER,2,2,pezzi,Fermacavo apribile - base,Stampare su file,"PA12 MJF/SLS, pezzo a disegno",https://jlc3dp.com/,Due guide apribili per i percorsi USB; usare i file distinti per le due posizioni.,cable_clamp_lower_1; cable_clamp_lower_2
PRINT_CABLE_CLAMP_UPPER,2,2,pezzi,Fermacavo apribile - coperchio,Stampare su file,"PA12 MJF/SLS, pezzo a disegno",https://jlc3dp.com/,Coperchi delle guide con quattro viti M3 complessive. Diametro e curvatura dei cavi reali da verificare.,cable_clamp_upper_1; cable_clamp_upper_2
CUSTOM_5V_TERMINATION,1,0,pezzi,Terminazione 5 V sul vano elettronica - riferimento,Riutilizzare / adattare,Interfaccia alla distribuzione 5 V posseduta,,"Segnaposto di interfaccia, non un morsetto commerciale selezionato. Sagoma e innesto da adattare alla scheda reale.",5v_terminal_reference
INCLUDED_L6D_4WIRE_CABLE_400MM,1,0,pezzi,Cavo cella verso HX711 - percorso,Incluso nel componente,INCLUDED_L6D_4WIRE_CABLE_400MM,,Non acquistare separatamente. Illustrative routed centreline 386.1 mm; supplied/cut cable nominal 400 mm. Connector bodies and service slack require sample fitting.,load_cell_4wire_cable
INCLUDED_L6D_WIRE_END,4,0,pezzi,Conduttore cella verso HX711,Incluso nel componente,INCLUDED_L6D_WIRE_END,,Non acquistare separatamente. Four free ends for E+/E-/A+/A-. Actual module solder/terminal location is not assumed.,load_cell_wire_end_1; load_cell_wire_end_2; load_cell_wire_end_3; load_cell_wire_end_4
PRINT_KEYPAD_CABLE_HOOD,2,2,pezzi,Ponte copricoda tastiera adesivo,Stampare su file,"PA12 MJF/SLS, pezzo a disegno",https://jlc3dp.com/,"Due ponti coprono le uscite delle code; appoggi adesivi esterni alle membrane, senza pressione sulle zone dei tasti.",keypad_cable_hood_1; keypad_cable_hood_2
CUT_3M468MP_KEYPAD_HOOD_PAD,6,1,ritaglio per 6 piazzole,Adesivo copricoda 0.13 mm,Consumabile da ritagliare,"3M468MP, spessore 0,13 mm",https://www.3m.com/3M/en_US/p/dc/v100808810/,"Ritagliare due piazzole 24×2 e quattro 2×6 mm. Spessore 0,13 mm; adesione sulla finitura stampata da verificare.",keypad_hood_adhesive_1_1; keypad_hood_adhesive_1_2; keypad_hood_adhesive_1_3; keypad_hood_adhesive_2_1; keypad_hood_adhesive_2_2; keypad_hood_adhesive_2_3
INCLUDED_KEYPAD_TAIL,2,0,pezzi,Coda tastiera curva - inviluppo 88 mm con connettore,Incluso nel componente,INCLUDED_KEYPAD_TAIL,,Non acquistare separatamente. 76mm routed flex +12mm provisional connector =88mm. Width14.28 and thickness0.3 assumed; BerryBase only publishes total length. Bend radii2/4mm require sample validation.,keypad_tail_1; keypad_tail_2
INCLUDED_KEYPAD_5P_FEMALE,2,0,pezzi,Connettore femmina 5 pin incluso nella membrana,Incluso nel componente,INCLUDED_KEYPAD_5P_FEMALE,,"Non acquistare separatamente. Pitch2.54 documented; 14.28x12x4 body and cavity details are provisional, measure selected BerryBase sample.",keypad_female_connector_1; keypad_female_connector_2
HEADER_1x5_2p54,2,1,strip da 20 poli,Pettine maschio 1x5 adattatore tastiera,Acquistare,BerryBase PINH-1X20P,https://www.berrybase.de/en/male-connector-1x-20-pin-rm-2.54-straight,Tagliare due pettini da 5 poli da una sola strip. Verificare profondità di innesto sul campione; pin inclusi. Alternativa Cina LCSC C2977586 con minimo 5 strip.,keypad_adapter_header_body_1; keypad_adapter_header_body_2
INCLUDED_HEADER_CONTACT,10,0,pezzi,Contatto pettine tastiera,Incluso nel componente,INCLUDED_HEADER_CONTACT,,"Non acquistare separatamente. Nominal square0.64mm contact, included with1x5 header.",keypad_adapter_header_pin_1_1; keypad_adapter_header_pin_1_2; keypad_adapter_header_pin_1_3; keypad_adapter_header_pin_1_4; keypad_adapter_header_pin_1_5; keypad_adapter_header_pin_2_1; keypad_adapter_header_pin_2_2; keypad_adapter_header_pin_2_3; keypad_adapter_header_pin_2_4; keypad_adapter_header_pin_2_5
CUSTOM_KEYPAD_MATRIX_BRANCH,2,1,nastro 10 fili da 1 m,Cablaggio su misura matrice tastiera - ramo,Cablaggio da assemblare,Adafruit6182,https://www.adafruit.com/product/6182,"Ricavare due rami da 5 fili, taglio iniziale 200 mm ciascuno. Unire le quattro righe a monte dei sei contatti; saldare e isolare i giunti, non inserire due fili nello stesso crimp non specificato. Adeguare le lunghezze al montaggio.",keypad_adapter_branch_1; keypad_adapter_branch_2
HOUSING_1x6_2p54,1,1,pezzo,Terminazione adattatore tastiera 6 fili,Acquistare,BerryBase DUPH-1X06,https://www.berrybase.de/en/dupont-housing-1x6-pin,Quote dei connettori da verificare sul campione.,keypad_matrix_6p_termination
CRIMP_CONTACT_2p54,6,6,pezzi,Contatto terminazione tastiera 6 fili,Acquistare,BerryBase DUPCP-F,https://www.berrybase.de/en/dupont-crimp-contact-for-cable-awg-22-28-female,Sei contatti femmina per fili AWG22–28; verificare ritenuta nel contenitore DUPH-1X06 e crimpatura sul filo AWG26 selezionato.,keypad_matrix_terminal_contact_1; keypad_matrix_terminal_contact_2; keypad_matrix_terminal_contact_3; keypad_matrix_terminal_contact_4; keypad_matrix_terminal_contact_5; keypad_matrix_terminal_contact_6
WAVESHARE_UPS_HAT_D_KIT,1,1,pezzo,"Kit USB-C UPS HAT(D), due21700, protezione e viti",Acquistare,Waveshare25507 CN,https://www.waveshare.net/shop/UPS-HAT-D.htm,"Un kit; 297 solidi del relativo gruppo nel CAD. EN25567 alternativo senza batterie. Variante batteria proposta, non ancora provata con firmware.",ups_vendor_001; ups_vendor_002; ups_vendor_003; ups_vendor_004; ups_vendor_005; ups_vendor_006; ups_vendor_007; ups_vendor_008; ups_vendor_009; ups_vendor_010; ups_vendor_011; ups_vendor_012; ups_vendor_013; ups_vendor_014; ups_vendor_015; ups_vendor_016; ups_vendor_017; ups_vendor_018; ups_vendor_019; ups_vendor_020; ups_vendor_021; ups_vendor_022; ups_vendor_023; ups_vendor_024; ups_vendor_025; ups_vendor_026; ups_vendor_027; ups_vendor_028; ups_vendor_029; ups_vendor_030; ups_vendor_031; ups_vendor_032; ups_vendor_033; ups_vendor_034; ups_vendor_035; ups_vendor_036; ups_vendor_037; ups_vendor_038; ups_vendor_039; ups_vendor_040; ups_vendor_041; ups_vendor_042; ups_vendor_043; ups_vendor_044; ups_vendor_045; ups_vendor_046; ups_vendor_047; ups_vendor_048; ups_vendor_049; ups_vendor_050; ups_vendor_051; ups_vendor_052; ups_vendor_053; ups_vendor_054; ups_vendor_055; ups_vendor_056; ups_vendor_057; ups_vendor_058; ups_vendor_059; ups_vendor_060; ups_vendor_061; ups_vendor_062; ups_vendor_063; ups_vendor_064; ups_vendor_065; ups_vendor_066; ups_vendor_067; ups_vendor_068; ups_vendor_069; ups_vendor_070; ups_vendor_071; ups_vendor_072; ups_vendor_073; ups_vendor_074; ups_vendor_075; ups_vendor_076; ups_vendor_077; ups_vendor_078; ups_vendor_079; ups_vendor_080; ups_vendor_081; ups_vendor_082; ups_vendor_083; ups_vendor_084; ups_vendor_085; ups_vendor_086; ups_vendor_087; ups_vendor_088; ups_vendor_089; ups_vendor_090; ups_vendor_091; ups_vendor_092; ups_vendor_093; ups_vendor_094; ups_vendor_095; ups_vendor_096; ups_vendor_097; ups_vendor_098; ups_vendor_099; ups_vendor_100; ups_vendor_101; ups_vendor_102; ups_vendor_103; ups_vendor_104; ups_vendor_105; ups_vendor_106; ups_vendor_107; ups_vendor_108; ups_vendor_109; ups_vendor_110; ups_vendor_111; ups_vendor_112; ups_vendor_113; ups_vendor_114; ups_vendor_115; ups_vendor_116; ups_vendor_117; ups_vendor_118; ups_vendor_119; ups_vendor_120; ups_vendor_121; ups_vendor_122; ups_vendor_123; ups_vendor_124; ups_vendor_125; ups_vendor_126; ups_vendor_127; ups_vendor_128; ups_vendor_129; ups_vendor_130; ups_vendor_131; ups_vendor_132; ups_vendor_133; ups_vendor_134; ups_vendor_135; ups_vendor_136; ups_vendor_137; ups_vendor_138; ups_vendor_139; ups_vendor_140; ups_vendor_141; ups_vendor_142; ups_vendor_143; ups_vendor_144; ups_vendor_145; ups_vendor_146; ups_vendor_147; ups_vendor_148; ups_vendor_149; ups_vendor_150; ups_vendor_151; ups_vendor_152; ups_vendor_153; ups_vendor_154; ups_vendor_155; ups_vendor_156; ups_vendor_157; ups_vendor_158; ups_vendor_159; ups_vendor_160; ups_vendor_161; ups_vendor_162; ups_vendor_163; ups_vendor_164; ups_vendor_165; ups_vendor_166; ups_vendor_167; ups_vendor_168; ups_vendor_169; ups_vendor_170; ups_vendor_171; ups_vendor_172; ups_vendor_173; ups_vendor_174; ups_vendor_175; ups_vendor_176; ups_vendor_177; ups_vendor_178; ups_vendor_179; ups_vendor_180; ups_vendor_181; ups_vendor_182; ups_vendor_183; ups_vendor_184; ups_vendor_185; ups_vendor_186; ups_vendor_187; ups_vendor_188; ups_vendor_189; ups_vendor_190; ups_vendor_191; ups_vendor_192; ups_vendor_193; ups_vendor_194; ups_vendor_195; ups_vendor_196; ups_vendor_197; ups_vendor_198; ups_vendor_199; ups_vendor_200; ups_vendor_201; ups_vendor_202; ups_vendor_203; ups_vendor_204; ups_vendor_205; ups_vendor_206; ups_vendor_207; ups_vendor_208; ups_vendor_209; ups_vendor_210; ups_vendor_211; ups_vendor_212; ups_vendor_213; ups_vendor_214; ups_vendor_215; ups_vendor_216; ups_vendor_217; ups_vendor_218; ups_vendor_219; ups_vendor_220; ups_vendor_221; ups_vendor_222; ups_vendor_223; ups_vendor_224; ups_vendor_225; ups_vendor_226; ups_vendor_227; ups_vendor_228; ups_vendor_229; ups_vendor_230; ups_vendor_231; ups_vendor_232; ups_vendor_233; ups_vendor_234; ups_vendor_235; ups_vendor_236; ups_vendor_237; ups_vendor_238; ups_vendor_239; ups_vendor_240; ups_vendor_241; ups_vendor_242; ups_vendor_243; ups_vendor_244; ups_vendor_245; ups_vendor_246; ups_vendor_247; ups_vendor_248; ups_vendor_249; ups_vendor_250; ups_vendor_251; ups_vendor_252; ups_vendor_253; ups_vendor_254; ups_vendor_255; ups_vendor_256; ups_vendor_257; ups_vendor_258; ups_vendor_259; ups_vendor_260; ups_vendor_261; ups_vendor_262; ups_vendor_263; ups_vendor_264; ups_vendor_265; ups_vendor_266; ups_vendor_267; ups_vendor_268; ups_vendor_269; ups_vendor_270; ups_vendor_271; ups_vendor_272; ups_vendor_273; ups_vendor_274; ups_vendor_275; ups_vendor_276; ups_vendor_277; ups_vendor_278; ups_vendor_279; ups_vendor_280; ups_vendor_281; ups_vendor_282; ups_vendor_283; ups_vendor_284; ups_vendor_285; ups_vendor_286; ups_vendor_287; ups_vendor_288; ups_vendor_289; ups_vendor_290; ups_vendor_291; ups_vendor_292; ups_vendor_293; ups_vendor_294; ups_vendor_295; ups_vendor_296; ups_vendor_297
EXTERNAL_USB_C_PSU,1,1,pezzo,Alimentatore USB-C esterno15W spina EU,Acquistare se necessario,"Raspberry Pi USB-C5,1V3A",https://www.raspberrypi.com/products/power-supply/,Esterno alla scocca; non fa parte degli STL.,
DISPLAY_ADHESIVE,1,1,pezzo,Adesivo sottile per perimetro vetrino,Consumabile,"3M467MP, ritaglio",https://www.3m.com/3M/en_US/p/dc/v000185218/,"Spessore tipico0,05-0,06mm; adesione sul materiale stampato da verificare. Ritagliare senza coprire apertura80x22.",display_window
KEY_LABEL_OVERLAY,2,2,pezzi,Etichette funzioni per tastierini blank,Stampare grafica,Strisce grafiche su misura70x20mm,,SKIP/WIFI/SLEEP/CLEAR e ENTER/TOTAL/MODE/TARE; allineare le zone sensibili al campione. Grafica illustrativa nel viewer.,keypad_strip_1; keypad_strip_2
